<?xml version="1.0" encoding="UTF-8"?>
<beans xmlns="http://www.springframework.org/schema/beans"
    xmlns:xsi="http://www.w3.org/2001/XMLSchema-instance"
    xmlns:aop="http://www.springframework.org/schema/aop"
    xmlns:tx="http://www.springframework.org/schema/tx"
    xsi:schemaLocation="http://www.springframework.org/schema/beans
	http://www.springframework.org/schema/beans/spring-beans-3.2.xsd
	http://www.springframework.org/schema/aop
	http://www.springframework.org/schema/aop/spring-aop-3.2.xsd
	http://www.springframework.org/schema/tx
	http://www.springframework.org/schema/tx/spring-tx-3.2.xsd"
	>
	<!-- <bean id="gradeService" class="cn.bdqn.service.impl.GradeServiceImpl">
		<property name="gradeDao" ref="gradeDao"></property>
	</bean> -->
	<!-- 配置声明式事物 -->
	<!-- 配置事物管理器 -->
	<bean id="transactionManager" class="org.springframework.jdbc.datasource.DataSourceTransactionManager">
		<property name="dataSource" ref="dataSource"></property>
	</bean>	
	<!-- 使用注解 -->
	<tx:annotation-driven transaction-manager="transactionManager"/>
	<!-- 哪些方法需要添加哪些配置 -->
<!-- 	<tx:advice id="txAdvice">
		<tx:attributes>
			<tx:method name="get*" propagation="SUPPORTS" read-only="true" />
			<tx:method name="add*" propagation="REQUIRED"/>
			<tx:method name="update*" propagation="REQUIRED"/>
			<tx:method name="delete*" propagation="REQUIRED"/>
		</tx:attributes>
	</tx:advice> -->
	
	<!-- <aop:config>
		<aop:pointcut expression="execution(* cn.bdqn.service.**.*(..))" id="pointcut"/>
		<aop:advisor advice-ref="txAdvice" pointcut-ref="pointcut"/>
	</aop:config> -->
</beans>



