<?xml version="1.0" encoding="UTF-8"?>
<beans xmlns="http://www.springframework.org/schema/beans"
    xmlns:xsi="http://www.w3.org/2001/XMLSchema-instance"
    xmlns:context="http://www.springframework.org/schema/context"
   xsi:schemaLocation="   
            http://www.springframework.org/schema/beans http://www.springframework.org/schema/beans/spring-beans-2.5.xsd   
            http://www.springframework.org/schema/aop http://www.springframework.org/schema/aop/spring-aop-2.5.xsd   
            http://www.springframework.org/schema/tx http://www.springframework.org/schema/tx/spring-tx-2.5.xsd 
            http://www.springframework.org/schema/context 
            http://www.springframework.org/schema/context/spring-context.xsd"

	>
	<!-- 读取数据库配置文件 -->
   <context:property-placeholder  location="classpath:database.properties"/>
	<!-- 配置数据源（DataSource） -->
	<bean id="dataSource" class="org.apache.commons.dbcp.BasicDataSource">
		<property name="driverClassName" value="${driver}"></property>
		<property name="url" value="${url}"></property>
		<property name="username" value="${user}"></property>
		<property name="password" value="${password}"></property>
	</bean>
	
	<!-- 配置SqlSessionFactory -->
	<bean id="sqlSessionFactory" class="org.mybatis.spring.SqlSessionFactoryBean">
		<!-- 数据源:连接数据库的东西 -->
		<property name="dataSource" ref="dataSource"></property>
		<!-- 配置文件路径，如果需要Spring帮忙加载MyBatis的配置文件，需要给其目录 -->
		<!-- <property name="configLocation" value="classpath:mybatis-config.xml"></property> -->
		<!-- 加载Mapper映射文件 -->
		<property name="mapperLocations">
			<list>
			 <value>classpath:cn/bdqn/dao/EmployeesDaoMapper.xml</value>
			 <value>classpath:cn/bdqn/dao/QuestionDaoMapper.xml</value>	
			</list>
		</property>
	</bean>
	<!-- 扫描包，将包中的接口全部生成代理实现类,默认的名字就是接口名的首字母小写  GradeDao gradeDao -->
	<bean class="org.mybatis.spring.mapper.MapperScannerConfigurer">
		<property name="basePackage" value="cn.bdqn.dao"></property>
		<!-- 如果不声明的去配置SqlSessionFactory，那么会自动的找一个id叫做sqlSessionFactory的进行主入 -->
		<!-- <property name="sqlSessionFactory" ref="sqlSessionFactory"></property> -->
	</bean>
</beans>



