<?xml version="1.0" encoding="UTF-8"?>
<beans xmlns="http://www.springframework.org/schema/beans"
	xmlns:xsi="http://www.w3.org/2001/XMLSchema-instance" 
	xmlns:p="http://www.springframework.org/schema/p"
	xmlns:context="http://www.springframework.org/schema/context"
	xmlns:dubbo="http://code.alibabatech.com/schema/dubbo" 
	xmlns:mvc="http://www.springframework.org/schema/mvc"
	xsi:schemaLocation="http://www.springframework.org/schema/beans 
		http://www.springframework.org/schema/beans/spring-beans-4.0.xsd
        http://www.springframework.org/schema/mvc 
        http://www.springframework.org/schema/mvc/spring-mvc-4.0.xsd
        http://code.alibabatech.com/schema/dubbo 
        http://code.alibabatech.com/schema/dubbo/dubbo.xsd
        http://www.springframework.org/schema/context 
        http://www.springframework.org/schema/context/spring-context-4.0.xsd">
        
    <!--   <bean name="/hehe" class="cn.bdqn.controller.GradeController"></bean> -->
      <context:component-scan base-package="cn.bdqn.controller"></context:component-scan>
      
      <!-- 显示的配置处理器映射器和处理器适配器 -->
     <!--  <bean class="org.springframework.web.servlet.mvc.annotation.DefaultAnnotationHandlerMapping"></bean>
      <bean class="org.springframework.web.servlet.mvc.annotation.AnnotationMethodHandlerAdapter"></bean> -->
      <!-- 显示的配置最新的处理器映射器和处理器适配器 -->
      <!-- <bean class="org.springframework.web.servlet.mvc.method.annotation.RequestMappingHandlerAdapter"></bean>
      <bean class="org.springframework.web.servlet.mvc.method.annotation.RequestMappingHandlerMapping"></bean> -->
      	
   
        <!-- 这个配置会自动的帮助我们找到最新的处理器映射器和处理器适配器 -->
      <mvc:annotation-driven>
      	<mvc:message-converters>
      		<!-- 解决json中文乱码的配置 -->
      		<bean class="org.springframework.http.converter.StringHttpMessageConverter">
      			<property name="supportedMediaTypes">
      				<value>application/json;charset=UTF-8</value>
      			</property>
      		</bean>
      		
      		<!-- 解决日期类型转化json对象的问题，默认会转成时间戳 -->
    		<bean class="com.alibaba.fastjson.support.spring.FastJsonHttpMessageConverter">
    			<property name="supportedMediaTypes">
    				<list>
    					<value>text/html;charset=UTF-8</value>
    					<value>application/json</value>
    				</list>
    			</property>
    			<property name="features">
    				<list>
    				 <!--   Date的日期转换器   yyyy-MM-dd HH:mm:ss -->
    				  <value>WriteDateUseDateFormat</value>
    				</list>
    			</property>
    		</bean>
      		
      	</mvc:message-converters>
      </mvc:annotation-driven>
      <!-- 配置不要访问静态资源   有3种-->
      <!-- <mvc:resources location="/statics/" mapping="/statics/**"/> -->
      <!-- 不拦截静态资源 -->
      <mvc:default-servlet-handler/>
      
      <!-- 配置全局异常 -->
      <bean class="org.springframework.web.servlet.handler.SimpleMappingExceptionResolver">
      	<property name="exceptionMappings">
      		<props>
      			<prop key="java.lang.RuntimeException">error</prop>
      		</props>
      	</property>
      </bean>
      <!-- 配置视图解析器 
	作用:在controller中指定页面路径的时候就不用写页面的完整路径名称了,可以直接写页面去掉扩展名的名称
	-->
	<bean class="org.springframework.web.servlet.view.InternalResourceViewResolver">
		<!-- 真正的页面路径 =  前缀 + 去掉后缀名的页面名称 + 后缀 -->
		<!-- 前缀 -->
		<property name="prefix" value="/WEB-INF/jsp/"></property> 
		<!-- 后缀 -->
		<property name="suffix" value=".jsp"></property>
	</bean>
	<!-- 文件上传 -->
	<bean id="multipartResolver"
		class="org.springframework.web.multipart.commons.CommonsMultipartResolver">
		<!-- 设置上传文件的最大尺寸为5MB -->
		<property name="maxUploadSize">
			<value>5242880</value>
			<!-- <value>10002880</value> -->
		</property>
		<property name="defaultEncoding">
			<value>UTF-8</value>
		</property>
	</bean>
</beans>





