<?xml version="1.0" encoding="UTF-8" ?>
<!DOCTYPE mapper
PUBLIC "-//mybatis.org//DTD Mapper 3.0//EN"
"http://mybatis.org/dtd/mybatis-3-mapper.dtd">

<mapper namespace="cn.bdqn.dao.EmployeesDao">
	<select id="login" resultType="cn.bdqn.pojo.Employees">
		SELECT * FROM employees WHERE userName=#{userName} AND password=#{password}
	</select>
	
	<select id="selectAll" resultType="cn.bdqn.pojo.Employees">
		SELECT * FROM employees
	</select>
	
	<select id="selectEmployees" resultType="cn.bdqn.pojo.Employees">
		SELECT * FROM employees where employeesId=#{employeesId}
	</select>
	<update id="upUser">
		UPDATE employees SET  `userName` = #{userName},`name` = #{name}, 
			`sex` = #{sex}, `phone` = #{phone}, `employeestype` = #{employeestype},`email` = #{email},
				`introduce` = #{introduce} WHERE `employeesId` = #{employeesId};
	</update>
	<update id="upPassword">
		UPDATE employees SET `password` = #{password} WHERE `employeesId` = #{employeesId};
	</update>
	<insert id="addUser">
		INSERT INTO `company`.`employees`  VALUES ( NULL,
    		#{userName}, #{password}, #{name}, #{sex}, #{phone},
    		#{employeestype}, null, 0.0, null, #{email},now(), #{introduce});
	</insert>
	<delete id="delUser">
		DELETE FROM `company`.`employees`  WHERE `employeesId` =#{employeesId} ;
	</delete>
	<select id="selectByInfo" resultType="cn.bdqn.pojo.Employees">
		SELECT * FROM employees 
		<trim prefix="where" prefixOverrides="and | or">
			<if test="employeesId != null and employeesId != ''">
				and employeesId =#{employeesId}
			</if>
			<if test="userName != null and userName != ''">
				and userName like CONCAT ('%',#{userName},'%')
			</if>
			<if test="email != null and email != ''">
				and email like CONCAT ('%',#{email},'%')
			</if>
			<if test="employeestype != null and employeestype != ''">
				and employeestype =#{employeestype}
			</if>
		</trim>
	</select>
	<select id="selectByName" resultType="cn.bdqn.pojo.Employees">
		SELECT * FROM employees WHERE name=#{name}
	</select>
</mapper>