<?xml version="1.0" encoding="UTF-8" ?>
<!DOCTYPE mapper
PUBLIC "-//mybatis.org//DTD Mapper 3.0//EN"
"http://mybatis.org/dtd/mybatis-3-mapper.dtd">


<mapper namespace="cn.bdqn.dao.QuestionDao">
	<resultMap type="cn.bdqn.pojo.Question" id="ques">
			<id column="questionId" property="questionId"/>
			<result column="questionName" property="questionName"/>
			<result column="questionTime" property="questionTime"/>
			<association property="emp" javaType="cn.bdqn.pojo.Employees">
				<id column="employeesId" property="employeesId"/>
				<result column="name" property="name"/>
				<result column="sex" property="sex"/>
				<result column="phone" property="phone"/>
				<result column="email" property="email"/>
				<result column="employeestype" property="employeestype"/>
			</association>
	</resultMap>
	<select id="selectAllQuestion" resultMap="ques">
		SELECT q.questionId,q.questionName,e.name,q.questionTime
			FROM question q,employees e WHERE q.employeesId=e.employeesId
	</select>
	<select id="selectById" resultType="cn.bdqn.pojo.Question">
		SELECT * FROM question WHERE questionId=#{questionId}
	</select>
	<update id="updateById">
		UPDATE `company`.`question` SET  `questionName` = #{questionName}, `questionTime` = #{questionTime}
			WHERE `questionId` = #{questionId};
	</update>
</mapper>